Burns-Kane,art,40
Young-Taylor,languages,24
Harris-Johns,art,133
Salinas-Clark,languages,120
Daniels Inc,technology,127
Ali, Ramsey and Villarreal,lifestyle,84
Jones, Perkins and Leblanc,health,108
English-Rogers,technology,76
Martin-Jones,technology,58
Allen PLC,health,107
Hood-Clark,technology,90
Wright-Salazar,art,27
Robertson-Thomas,art,26
Bray PLC,technology,98
Martinez, Green and Downs,art,144
Oliver, Daugherty and Stephens,technology,105
Porter Group,art,99
Archer, Swanson and Webster,lifestyle,95
Hughes-Ruiz,lifestyle,105
Cain Ltd,art,125
Marshall-Henry,technology,53
Rodriguez-Hart,health,67
Carter Ltd,languages,138
Smith, Warner and Price,lifestyle,149
Booker-Bautista,technology,93
Herrera, Delgado and Davenport,art,94
Woods-Myers,health,28
Wilson Inc,technology,123
Martinez, Stanley and Greene,lifestyle,142
Thomas, Hunter and Jefferson,technology,96
Torres Group,languages,72
Gonzalez LLC,lifestyle,124
Silva, Hanson and Mendoza,languages,92
Johnson-Wallace,languages,80
Jenkins, Richardson and Boyd,health,98
Gonzalez-Ferguson,languages,111
Thompson-Rich,technology,90
Malone, Butler and Nguyen,art,125
Walters-Shelton,lifestyle,25
Peters, Watkins and Sparks,languages,111
Lawson-Freeman,technology,143
Ware and Sons,technology,128
Golden, Morrison and Miller,lifestyle,139
Donaldson-Johnson,technology,54
Fields and Sons,languages,92
Harris and Sons,lifestyle,83
Landry Group,art,147
Hill-Bradshaw,languages,117
Garcia Group,lifestyle,105
Huerta PLC,languages,43
Roberts, Brennan and Carter,health,45
Dickerson Group,lifestyle,36
Black LLC,technology,54
Silva-Tucker,languages,31
Haney-Green,technology,140
Parrish PLC,technology,118
Smith, Baker and Cohen,lifestyle,112
Clark-Dawson,lifestyle,141
Mcdaniel, Thomas and Medina,art,46
Taylor, Adams and Bennett,art,55
Farmer-Parker,art,72
Pacheco Group,health,109
Pham-Mercado,art,80
Smith, Kennedy and Hernandez,art,48
Santos, Wallace and Nichols,art,26
Bright, Campbell and Choi,health,91
Foster Group,languages,81
Gallagher, Hernandez and Tran,art,115
Mills-Gray,lifestyle,115
Lam, Hardy and Lane,languages,54
Robinson, Smith and Aguilar,technology,83
Allen-Maddox,art,55
Johnson and Sons,languages,115
Miller and Sons,health,58
Miller-Warren,technology,93
Phillips-Wood,art,144
Tucker, Faulkner and Moran,art,28
Brown-Morris,lifestyle,96
Arroyo LLC,technology,109
Smith Inc,art,29
Johnson, Stephenson and Lara,lifestyle,110
Hill LLC,health,132
Rowe-Lynch,art,52
King Group,technology,47
Rogers-Elliott,languages,64
Espinoza and Sons,lifestyle,44
Norton-Rodriguez,technology,138
Bates Ltd,lifestyle,112
Allen PLC,languages,120
Ibarra, Brown and Booth,art,60
Rivera, Griffin and Green,health,50
Wilkins-Coffey,health,67
Scott and Sons,health,29
Kelley-Silva,technology,66
Baker-Walker,health,39
Green-Jones,art,34
Chavez-Frazier,technology,23
Fitzgerald-Thompson,languages,116
Mooney-Fuller,art,87
Larson Group,lifestyle,22
Lee, Andrade and Duran,art,79
Davis-Sherman,lifestyle,55
Walker, Christensen and Bailey,health,56
Shaffer-Adams,health,137
Johnson-Adams,lifestyle,139
Mcconnell-Morales,lifestyle,72
Stout, Weaver and Moore,technology,30
Bell LLC,health,142
Sanford-Little,lifestyle,94
Reid-Rodriguez,technology,73
Hernandez, Jones and Osborne,technology,139
Bailey Ltd,lifestyle,34
Martinez, Jones and Johnson,health,92
Salas, White and Sawyer,languages,55
Kelly, Hernandez and Grant,health,120
Hernandez-Porter,art,70
Berry, Allen and Hicks,languages,129
Stewart-Fernandez,lifestyle,34
Hernandez and Sons,languages,115
Garcia PLC,lifestyle,29
Hall-Richards,lifestyle,69
Juarez, Huynh and Mcguire,lifestyle,39
Clark-Norris,languages,68
Jenkins Ltd,art,37
Hahn-Cordova,art,56
Robinson-Brown,health,104
Garcia, Price and Hernandez,technology,69
Ryan, Larson and Torres,languages,143
Newman Group,languages,97
Jones-Mccormick,health,27
Davis-Martin,languages,83
Vasquez-Patterson,languages,26
Bowman-Tate,lifestyle,106
Collier-King,languages,77
White PLC,art,68
Williams-Mason,technology,83
Mitchell-Valdez,technology,95
Cummings, Warner and Thomas,languages,80
Smith and Sons,art,140
Thomas-Cervantes,technology,44
Lawrence and Sons,languages,25
Anderson Ltd,technology,115
Benson Ltd,technology,78
Turner PLC,art,146
Nichols LLC,technology,64
Aguilar Group,technology,56
Roberts, Webb and Mcmahon,technology,44
Waters, Collins and Dennis,health,141
Mendoza-Baxter,art,146
Mcdaniel-Miller,lifestyle,110
Vargas, Trevino and Petty,technology,123
Berry-Ward,languages,82
Johnson PLC,health,134
Blackwell, Gibson and Holder,health,85
Ward PLC,technology,39
Berger Group,health,57
Flores, Carter and Khan,health,77
Carr, Wright and Daniels,art,65
Hancock-Hatfield,health,63
Nelson Inc,lifestyle,92
Williams, Gomez and Hawkins,health,88
Fischer LLC,health,110
Shaw, Reid and Frey,art,95
Murphy-Bond,art,89
Johnson LLC,technology,75
Sanford, Mcknight and Adams,languages,52
Rivera-Russell,health,47
Cole PLC,languages,126
Salinas, Moss and Collier,lifestyle,31
Ingram-Wright,lifestyle,93
White-Munoz,lifestyle,116
Wright, Johnson and Bird,lifestyle,114
Lozano and Sons,health,132
Perry-Mathews,languages,145
Perkins-Newton,languages,107
West-Richardson,health,110
Ibarra Group,languages,87
Graham, Reynolds and Nelson,art,24
Barrett-Garcia,languages,112
Farmer Inc,lifestyle,42
Arnold-Garcia,lifestyle,56
Sherman, Alexander and Villegas,languages,32
Barton-Cobb,lifestyle,37
Wallace-Willis,health,77
Chambers, Johnson and Garcia,languages,20
Holt-Hunter,languages,59
Rowe LLC,art,149
Griffin Group,technology,23
Schneider, Murphy and Carroll,health,84
Thompson-Bailey,languages,58
Palmer LLC,technology,124
Carr, Reyes and Williams,lifestyle,106
Gallagher and Sons,art,80
James-Jones,technology,52
Ortiz, Meyer and Sanchez,technology,145
Johnson-Stein,languages,35
Robinson-Olson,health,73
Morales-Rodriguez,languages,63
Weber Ltd,art,66
Burns and Sons,health,29
Adams Group,lifestyle,89
Pruitt Group,art,97
Webster, Brown and Garza,technology,117
Salazar Inc,lifestyle,75
Shannon Inc,languages,129
Miles-Morrison,art,41
Nguyen-Tran,health,86
Smith-Welch,art,126
Dillon PLC,languages,147
Monroe, Moreno and Burnett,lifestyle,140
Barrett, Pierce and Brown,technology,40
Pollard PLC,art,46
Leon-Saunders,technology,80
Williams LLC,technology,69
Stewart, Bryant and Hickman,health,142
Lopez, Fowler and Walker,health,66
Fuller Inc,health,78
Marshall PLC,languages,66
Tran Ltd,art,57
Gonzalez, Kim and Copeland,health,97
Lucero and Sons,health,41
Diaz-King,technology,134
Sheppard, Perez and Becker,technology,26
Rodriguez and Sons,languages,78
Ramos Ltd,languages,85
Rice-Palmer,technology,36
Rich, Tyler and Smith,technology,71
Rivera PLC,art,55
Ward, Terry and Patrick,technology,83
Murphy, Ramirez and Hall,languages,24
Walker, Case and Allen,art,137
Smith-Patterson,health,110
Dixon-Macdonald,health,117
Brady Inc,languages,139
Mendoza, Walsh and Montgomery,languages,28
Long, Acosta and Lindsey,technology,100
Madden-Clark,health,144
Williams Group,art,96
Collins, Mueller and Crosby,technology,118
Davis-Robles,languages,137
Bennett Group,lifestyle,87
Ortiz-Kent,art,51
Holmes-Mckenzie,health,45
Evans-Holmes,languages,24
Smith-Cole,health,67
Wheeler, Benson and Garner,languages,124
Watson-Yang,lifestyle,23
Ortiz-Evans,art,53
Cox-Torres,languages,79
Bennett and Sons,lifestyle,103
Knight, Powell and Myers,technology,127
Barker-Brown,art,27
Bryant-Miller,health,112
Gutierrez, Russell and Reyes,languages,36
Anderson PLC,health,99
Coleman, Ortiz and Hill,technology,136
Knight Group,lifestyle,40
Arias, Henderson and Johnson,art,134
Hamilton Group,art,38
Jackson Ltd,lifestyle,93
Gillespie Inc,technology,121
Nelson, Anderson and Pearson,technology,119
Hale-Powell,lifestyle,120
Benson-Flynn,art,31
Chang-Ortega,technology,40
Knox-Simpson,languages,133
Edwards, White and Turner,art,109
Porter-Ortiz,lifestyle,77
Cuevas Ltd,health,53
Serrano Ltd,health,120
Jones LLC,lifestyle,88
Solis-Davis,lifestyle,112
Jackson-Trujillo,technology,113
Harris, Hendricks and Holt,languages,79
Wolfe, Gibson and Strickland,lifestyle,144
Taylor Inc,technology,101
Lopez and Sons,lifestyle,100
Goodman PLC,lifestyle,32
Carr-Pace,lifestyle,115
Williams-Hardy,lifestyle,118
Carroll, Lang and Day,health,123
Baker-Reed,languages,131
Wood PLC,art,127
Elliott, Pennington and Atkins,languages,139
White, Robinson and Chen,health,31
Stevens, Brown and Braun,health,87
Gardner, Meyer and Freeman,art,89
Fowler, Rodriguez and Jackson,health,146
Garcia-Mendez,health,120
Hansen, Young and Griffin,languages,26
Morrow, Alexander and Keith,lifestyle,95
Decker, Bartlett and Chavez,technology,118
Murray and Sons,art,93
Cruz, Cooper and Hawkins,lifestyle,65
Matthews Group,languages,23
Rodriguez, Rice and Riddle,art,137
Taylor-Kennedy,art,90
Lewis Ltd,health,98
Webb and Sons,health,49
Long-Jones,health,142
Gray and Sons,health,78
Russo-Henderson,technology,109
Brock LLC,health,41
Williams-Jimenez,art,56
Mccormick-Atkinson,art,30
Gonzalez Group,art,65
Joseph, Gentry and Robinson,technology,28
Sanchez, Hunter and Mitchell,lifestyle,97
Stone-Cooper,art,64
Greer, Bell and Wallace,art,150
Silva Inc,health,35
Holt, Schultz and Ramirez,languages,38
Perez Inc,lifestyle,37
Hughes, Thompson and Garcia,health,38
Davidson, Johnson and Brandt,languages,35
Preston and Sons,technology,57
Smith-Love,languages,32
Robinson, Walker and Griffin,lifestyle,33
Coleman LLC,technology,27
Gray Ltd,lifestyle,101
Green LLC,health,56
Anderson PLC,health,53
Keith, Jones and Cross,health,109
Hawkins, Thomas and King,languages,32
Roberson, Shah and Hammond,technology,39
Guerrero, Perkins and Clark,art,97
Miller, Terrell and Miller,lifestyle,133
Thomas, Johnson and Wolf,lifestyle,142
Shaw-Wilson,languages,40
Newman Ltd,art,56
Ruiz Ltd,technology,89
Robinson and Sons,technology,87
Moore-Strong,art,127
Barton Inc,art,95
Lawrence-Payne,technology,74
Williams, Reed and Smith,technology,58
Roy LLC,art,90
Salazar, Moore and Sosa,technology,122
Arnold-Bowers,technology,21
Payne and Sons,technology,37
Shelton LLC,technology,51
Zamora-Powell,languages,121
Moore-Baldwin,languages,99
Carter, Warner and Barajas,languages,124
Cooke-Rodriguez,health,95
Ferguson Group,languages,128
Mills, Brown and Spence,art,26
Ramirez, Clay and Cook,languages,60
Tucker Ltd,lifestyle,92
Ortiz and Sons,technology,91
Flores and Sons,technology,148
Hughes-Sherman,languages,29
Holloway LLC,languages,139
Wells-Huynh,languages,21
Finley Ltd,languages,118
Bennett-Hanna,languages,91
Reese-Hale,technology,54
Neal Inc,languages,60
Jones, Harris and Duncan,languages,145
Arias, Murphy and Johnson,art,110
Smith-Campbell,lifestyle,47
Thomas, Young and Robertson,technology,24
Kirk, Howard and George,art,20
Price, Lowe and Ponce,languages,71
Powers Ltd,health,124
Griffith-Scott,health,44
Reid, Martinez and Wang,lifestyle,81
Watkins, Johnson and Maxwell,art,35
Mathews-Moore,technology,112
Fisher-Palmer,languages,86
Soto and Sons,lifestyle,100
Bates LLC,art,145
Harrison-Morgan,lifestyle,129
Clark, Ross and Wells,languages,60
Garcia Group,lifestyle,47
Murphy Inc,art,84
Caldwell, Thomas and Moore,art,39
Gallagher LLC,languages,121
Smith Group,health,65
Wilson Ltd,health,78
Murray-Murphy,health,23
Ramirez Inc,languages,57
Nguyen PLC,languages,137
Crawford Ltd,lifestyle,84
Moore PLC,technology,95
Parks PLC,technology,62
Martinez Group,art,147
Pearson Inc,languages,142
Smith, Garcia and Green,languages,29
Thomas-Weiss,art,82
Ellison, Shaffer and Coleman,health,103
Rice-Thomas,technology,87
Stevens, Campbell and Torres,health,145
Castro Inc,languages,102
Jones, Valentine and Davis,art,32
Lawson Ltd,technology,99
Richardson-Montgomery,lifestyle,35
Romero, Orozco and Lee,technology,141
Cook-Morton,health,90
Taylor-Ferguson,art,50
Meza and Sons,languages,111
Hart-Church,lifestyle,136
Fisher Inc,lifestyle,130
Underwood, Moore and Wilson,lifestyle,45
Hayes, Thomas and Montgomery,languages,67
Moore, Russo and Kelly,languages,141
Martin-Cummings,lifestyle,84
Duncan Inc,languages,64
Foster, Boyd and Owens,art,34
Pearson and Sons,health,51
Navarro, Ryan and Mcclure,languages,87
Gibbs-Suarez,technology,82
Jones-Lester,health,126
Mayer, Collins and Montgomery,lifestyle,39
Long Group,health,104
Guerra PLC,lifestyle,107
Harris LLC,lifestyle,32
Smith-Wallace,art,150
Perez, Gregory and Harris,languages,24
Morales Inc,health,87
Kane, Clark and Pena,lifestyle,40
Norman-Moore,lifestyle,118
Heath, Thornton and Padilla,languages,119
Stuart PLC,languages,80
Perez, Adams and White,art,120
Rivera, Clark and Reed,languages,83
English-Scott,lifestyle,50
Smith-Palmer,technology,141
Patel, Robinson and Banks,art,27
Haas, Clark and Norman,health,22
Haynes, Jacobs and Martinez,technology,48
Ibarra-Smith,languages,44
May, Graves and Walker,art,101
Edwards-Vaughn,languages,78
Hubbard and Sons,lifestyle,84
Cox, Craig and Smith,lifestyle,137
Harris Ltd,lifestyle,43
Higgins-Mcguire,languages,39
Cook-Johnson,technology,149
Landry-Sims,lifestyle,44
Rodriguez-Jackson,languages,121
Fields-Smith,art,132
Walker-Gonzalez,languages,127
Kemp-Jackson,technology,118
Jacobs, Valdez and Castaneda,lifestyle,140
Hendricks Inc,art,47
Walker-Jordan,art,116
Frank-Roach,art,74
Davis-Curtis,technology,79
Rios, Collins and Reese,lifestyle,66
Baker PLC,lifestyle,72
Hernandez Group,lifestyle,48
Jackson PLC,technology,102
Jenkins, Moss and Taylor,languages,45
Coleman, Chambers and Bolton,art,76
Rodgers Inc,lifestyle,69
Nguyen-Carson,technology,71
Gregory, Johnston and Benson,lifestyle,27
Mitchell Ltd,technology,110
Perez, Macdonald and Robinson,art,60
Salazar Ltd,technology,107
Stewart Ltd,languages,122
Mcintyre-Church,technology,93
Armstrong-Faulkner,lifestyle,117
Hicks-Kelley,languages,49
Carey, Miller and Wilson,lifestyle,140
Kim Inc,lifestyle,149
Cannon and Sons,languages,110
Randall-Perry,health,101
Gomez, Flores and Ferguson,lifestyle,85
Arnold-Barton,lifestyle,84
Calderon, King and Francis,languages,28
Hall PLC,lifestyle,148
Braun, Nelson and Young,lifestyle,24
Benson Ltd,languages,74
Blair Ltd,languages,74
Charles, Rodriguez and Huerta,languages,77
Anderson Inc,health,68
Leonard, Reyes and Figueroa,health,48
Wang Ltd,art,131
Erickson, Watson and Moore,lifestyle,137
Ford and Sons,technology,138
Harris, Sharp and Johnson,lifestyle,118
Davis, Hale and Dean,technology,26
Johnson, Smith and Haas,technology,122
Gonzales-Reid,lifestyle,86
Williams Ltd,technology,120
Middleton, Potter and Cox,health,133
Oneill-Johnson,technology,96
Case Inc,technology,140
Fischer, Campbell and Goodwin,technology,136
Cardenas-Garcia,technology,140
Smith-Harris,art,21
Maldonado and Sons,health,113
Choi, Levy and Kramer,technology,113
Phillips-Watson,technology,91
Miller Ltd,art,102
Hahn, Cooper and Brooks,languages,94
Williams, Avila and Johnson,health,104
Weber, Mckinney and Maynard,lifestyle,150
Rodgers, Cook and Decker,languages,32
Garcia, Mckenzie and Bush,health,118
Gonzalez and Sons,lifestyle,70
Gaines-Cooper,art,133
Erickson-Aguilar,art,135
Guerrero, Reyes and Cox,art,144
Parker Ltd,technology,21
Young, Olson and Allison,languages,144
Hudson-Wilson,lifestyle,85
Middleton-Patterson,lifestyle,131
Bennett, Flores and Bowers,health,144
Perez, Buck and Spencer,lifestyle,67
Schroeder-Ward,technology,20
Anthony-Moreno,technology,139
Melendez, Preston and Erickson,health,147
Silva-Thomas,lifestyle,108
Garcia LLC,languages,74
Tran-Snyder,art,68
Beck PLC,languages,147
Cook-Randolph,languages,23
Hicks PLC,technology,142
Sanchez, Jackson and Torres,technology,135
Harris-Lee,technology,141
Perez PLC,health,54
Prince-Arellano,technology,137
Stewart and Sons,art,58
Wagner-Wilson,languages,24
King-Weiss,technology,122
Martinez LLC,lifestyle,76
Edwards and Sons,art,45
Harvey-Branch,health,43
Wade, Reid and Davis,health,96
Marshall, Miller and Perkins,health,104
Sandoval-Ramirez,technology,37
Scott-Lara,languages,50
Riggs-Keith,lifestyle,65
Lane and Sons,art,76
Kelley Inc,art,123
Weiss-Norton,health,110
Ramirez-Walker,art,138
Perry-Hernandez,health,59
Deleon, Ferguson and Pittman,health,40
Gamble-Cisneros,lifestyle,137
Elliott, Torres and Martin,health,102
Wall Ltd,health,97
Anderson, Savage and Watts,technology,93
Morgan-Thomas,languages,124
Scott-Bennett,art,96
Levine-Olson,health,66
Caldwell PLC,health,28
Peck LLC,art,110
Kidd and Sons,health,48
Walker, Rice and Smith,technology,114
Williams-Green,languages,73
Eaton, Guerra and King,lifestyle,102
Reynolds, Torres and Bryan,health,109
Galvan Ltd,health,115
White-Santiago,languages,70
Henderson-Garrett,art,81
Cabrera-Thornton,art,136
Smith, Jones and White,health,65
Holland, Cline and Garcia,lifestyle,101
Byrd-Mendez,languages,121
Avila-Gonzalez,lifestyle,65
Williams, Horton and Mosley,technology,103
Martinez-Blanchard,health,129
Camacho-Hudson,languages,79
Acevedo-Dyer,art,136
Smith-Williams,technology,20
Anderson-Mckinney,lifestyle,27
Bishop-Schmitt,technology,97
Gomez-Perez,art,75
Zhang-Peters,languages,41
Donaldson, Rodgers and Alvarado,art,37
Ortiz-Williams,health,33
Jackson Group,lifestyle,95
Hartman Group,art,70
Rodriguez-Francis,health,134
Davenport Group,health,79
Goodman-Burnett,technology,141
Graves-Brown,health,30
Ford LLC,technology,39
Williams-Ferrell,technology,54
Schroeder Inc,art,36
Harrington-Fisher,languages,32
Reed LLC,languages,43
Ellis Group,languages,56
Jenkins-Blair,health,145
Sherman, Barajas and Ramirez,lifestyle,56
Boyer, Solomon and Wagner,lifestyle,74
Oliver-Novak,health,54
Stevens, Jimenez and Tate,lifestyle,84
Carpenter, Turner and May,art,43
Osborne, Page and Ryan,technology,53
Barber-Blair,health,150
Erickson LLC,technology,91
Simmons-Davis,languages,114
Singh and Sons,lifestyle,101
Thompson-Brown,languages,115
Herrera and Sons,health,51
Townsend Inc,health,64
Wilson and Sons,art,135
Rose PLC,health,69
Evans, Robinson and Johnson,languages,133
Stevens-Garcia,technology,134
Young and Sons,languages,44
Baker, Johnson and Wright,languages,69
Collins-Avery,languages,148
Taylor, Russo and Lynch,lifestyle,38
Dunlap PLC,lifestyle,35
Pena, Cook and Lewis,art,63
Mueller, Newton and Adams,lifestyle,66
Mitchell-Robinson,art,67
Miller-Morales,technology,81
Elliott-Lee,languages,76
Brown LLC,lifestyle,122
King, Cox and Smith,languages,148
Olson-Gray,health,83
Mcpherson, Obrien and Thomas,technology,115
Roth-Williams,technology,83
Gilbert-Guzman,lifestyle,122
White Ltd,health,79
Vaughn, Jensen and Alvarez,art,105
Levine Ltd,technology,83
Willis, Miles and Stokes,art,24
Wells, Bailey and Thomas,languages,84
Wright, Harris and Wilson,lifestyle,84
Brooks-Barry,art,139
Ball-Andrade,art,117
Johnson Group,languages,137
Henry PLC,lifestyle,106
White-Gonzalez,languages,81
Johnson Group,art,54
Anderson-Kelly,technology,32
Newton LLC,lifestyle,138
Brown-Benson,art,53
Smith-Torres,languages,45
Mcgrath, Sherman and Bates,technology,110
Clark, Liu and Lane,health,89
Zhang Inc,languages,20
Greene-Fletcher,lifestyle,60
Curtis-Hicks,technology,35
Johns and Sons,technology,111
Quinn PLC,lifestyle,135
Rodriguez and Sons,health,123
Clark, Phillips and Thompson,health,88
Espinoza Inc,art,52
Johnson-Parker,art,102
Marshall, Lopez and Hall,languages,30
Martinez, Williams and Mann,lifestyle,105
Pitts-Watson,health,96
Cook Ltd,languages,109
Martinez Ltd,art,20
Reed, Harrison and Oconnor,lifestyle,135
Reynolds-Harvey,lifestyle,44
Williams, Hill and Cole,lifestyle,77
Velasquez LLC,languages,53
Simpson Ltd,health,67
Wolf Group,health,48
Garrison LLC,art,103
Walker Inc,languages,134
Perry, Ross and White,technology,51
Bennett-Hicks,technology,66
Hansen, Pennington and Murphy,technology,81
Lucero, Hernandez and Owens,health,144
Taylor, Snyder and Kelly,health,37
Elliott Group,languages,128
Perez-Bass,health,55
Ford-Lopez,languages,82
Davenport Inc,lifestyle,79
Henry, Smith and Garcia,lifestyle,141
Washington and Sons,languages,122
Scott, Lambert and Jones,health,82
Lynch-Sullivan,languages,68
Mccann-Montgomery,art,125
Hunter, Reeves and Pugh,health,64
White, Smith and Brown,languages,61
Young, Rivera and Hurley,art,98
Tate Group,languages,136
Swanson, Harris and Roberts,health,117
Buchanan, Keller and Jones,art,138
Gray-Hernandez,art,133
Collins Ltd,lifestyle,61
Miller, George and Silva,lifestyle,104
Robinson, Baker and Graham,technology,116
Oliver, Kane and Tucker,art,84
Soto Inc,lifestyle,111
Simmons Group,health,27
Lopez-Lee,art,21
Baker PLC,languages,90
Sutton LLC,health,76
Wilcox, Duncan and Cain,lifestyle,128
Austin, White and Smith,languages,92
Stafford, Compton and Gilbert,art,144
Brown Inc,health,121
Shepard PLC,languages,139
Patel-Brennan,languages,23
Howard, Herrera and Pacheco,art,26
Walker PLC,health,76
Mcconnell-King,health,102
Hernandez, Le and Richards,art,21
Mills-Miller,technology,23
Mckay and Sons,technology,148
Morales Group,health,80
Black, Thomas and Patton,art,145
Chen-Nelson,technology,30
Mitchell and Sons,lifestyle,118
Bennett-Crane,lifestyle,71
Howard-Mason,lifestyle,146
Moore and Sons,lifestyle,46
Cannon-Meyers,lifestyle,109
Colon-Davis,health,78
Mcpherson, Pratt and Gutierrez,technology,141
Scott Inc,art,143
Simmons Group,health,21
Rivera, Potter and Li,lifestyle,67
Wright-Herman,art,30
Rodriguez LLC,lifestyle,89
Stewart, Patterson and Curry,languages,74
Peterson, Rios and Leonard,technology,139
Lopez Inc,health,133
Ferguson and Sons,art,97
Wheeler, Williams and Cortez,lifestyle,128
Harrison, Zuniga and Stewart,technology,51
Hopkins PLC,health,67
Hawkins, Jensen and Thomas,health,148
Ruiz-Montes,health,72
Garcia PLC,technology,49
Fernandez, Blackwell and Patel,lifestyle,125
Figueroa, Drake and Duncan,health,150
Dougherty-Williams,health,101
Hicks and Sons,art,109
Snyder-Fisher,technology,125
Anderson, Moore and Oliver,art,67
Whitney Inc,art,110
Carlson Group,lifestyle,144
Randolph PLC,art,38
Davis, Warren and Hamilton,art,78
Cruz Ltd,art,64
Ortiz LLC,art,51
Sanchez-Burton,health,90
Long and Sons,art,146
Clark, Smith and Lopez,languages,65
Henson, Sanchez and Woods,health,119
Snyder Ltd,health,110
Ramirez, Washington and Page,technology,103
Lopez-Sims,art,105
Rich PLC,lifestyle,114
Perez Group,technology,140
Davis PLC,health,57
Rivera-Barnes,technology,119
Mcdaniel, Wiggins and Rhodes,lifestyle,118
Jones, Smith and Jones,technology,47
Carlson, Hubbard and Burnett,languages,138
Gutierrez, Williams and Moore,lifestyle,71
Conrad LLC,technology,43
Wilkinson, Ponce and Goodman,lifestyle,133
Flores PLC,technology,91
Lopez Group,lifestyle,122
Richardson-Edwards,lifestyle,80
Taylor Ltd,lifestyle,45
Campbell, Gilbert and Koch,health,52
Marquez LLC,lifestyle,40
James PLC,technology,101
Sanchez-Powell,technology,144
Miller LLC,technology,29
Brown-Ford,languages,78
Green, Jackson and Chan,health,28
Robertson-Brown,technology,87
Jacobs Group,art,98
Hutchinson-Thomas,lifestyle,150
Owens-Juarez,art,89
Mccormick Group,health,122
Jefferson PLC,art,29
Lane LLC,art,52
Hinton Ltd,health,32
Duncan, Taylor and Fischer,health,58
Ochoa-Salinas,languages,20
Green, Compton and King,art,97
Huerta-Thomas,art,60
Jackson-Smith,technology,119
White and Sons,technology,39
Robles-Hill,languages,149
Adams, Miranda and Parrish,lifestyle,85
Kennedy Group,lifestyle,23
Jones and Sons,art,87
Roberts and Sons,languages,97
Lucas PLC,lifestyle,140
Wright-Meza,health,51
Delgado Inc,lifestyle,40
Pena-Gonzalez,art,136
Pacheco PLC,technology,74
Ortega-Ray,languages,128
Williams-Lindsey,art,109
Diaz, Walsh and Johnson,art,140
Barker, Jones and Le,art,99
Gomez-Sanford,technology,141
Thomas LLC,health,39
Dunn-Mcdowell,technology,141
Wheeler, Long and Hobbs,health,48
Norton-Bradley,languages,44
Benton Inc,lifestyle,96
Cooper-Warren,health,33
Robinson Inc,lifestyle,132
Foley, Atkinson and Ward,health,72
Johnson Ltd,health,115
Gray-Jones,languages,150
Davis-Prince,art,101
Jones Inc,languages,102
Smith PLC,art,84
Hudson-Garcia,art,70
Shepard-Benjamin,art,106
Bradshaw Group,languages,70
Morales Ltd,lifestyle,109
Ramirez Group,health,46
Davis, Gordon and Shaw,lifestyle,66
Schneider Group,lifestyle,94
Shelton-Smith,languages,45
Smith, Brennan and Merritt,lifestyle,20
Clark, Mills and Mitchell,health,104
Rodriguez, Jackson and Foster,art,102
Hunt-Carson,lifestyle,51
Mitchell, Hodge and Edwards,lifestyle,97
Cochran-Patterson,lifestyle,81
Pollard Ltd,health,117
Bell-Wolfe,health,79
Hancock and Sons,lifestyle,69
Benjamin PLC,health,73
Jensen Inc,health,70
Bowen-Smith,languages,65
Gomez-Carter,lifestyle,103
Thomas, Davis and Taylor,technology,131
Gomez-Shannon,art,148
Rodriguez-Cox,health,76
Hughes, Graham and Jackson,lifestyle,67
Cervantes, Alexander and Stewart,languages,98
Stewart-Phillips,health,149
Lamb, Holland and Lee,art,104
Gonzales, Hernandez and Alvarez,technology,27
Ruiz-Bailey,technology,103
Smith and Sons,health,139
Sharp, Harper and Gaines,health,117
Whitehead Ltd,art,61
Wong, Jensen and Miller,health,80
Jacobson-Tyler,health,52
Graham, Young and Flowers,lifestyle,122
Aguirre-Wood,technology,104
Bryant-Anderson,technology,22
Patterson PLC,technology,113
Hines, Webster and Anderson,health,100
Pope, Cox and Griffin,languages,89
Hicks-Henry,languages,62
Green and Sons,technology,140
Johnson and Sons,technology,87
Hart PLC,languages,87
Le, Parker and Becker,technology,86
Yu and Sons,technology,25
Jones-May,languages,52
Dean-Gray,art,68
Peters and Sons,lifestyle,80
Brooks-Jones,languages,51
Harris-Sanders,health,150
Hughes and Sons,lifestyle,34
Colon-Stevens,art,132
Nguyen, Martinez and Parker,health,24
Johns-Parsons,art,30
Liu Inc,health,119
Scott-Solis,lifestyle,118
Diaz, Watson and Williams,languages,107
Morris-Dunn,languages,102
Love and Sons,technology,30
Cantu-Bernard,health,135
Humphrey, Rodriguez and Mooney,art,54
King Inc,technology,54
King, Jacobs and West,art,131
Hale, Thomas and Patterson,art,136
Graves-Smith,lifestyle,101
Daniels-Harrison,health,65
Austin Group,languages,144
Morton, Evans and Parker,lifestyle,95
Alvarez, Walker and Smith,art,94
Webster-Garcia,lifestyle,46
Kim LLC,technology,138
White, Trevino and Garcia,technology,95
Hester, Bell and Contreras,art,143
Wilson-Smith,art,116
Reyes, Robertson and Short,technology,54
Williams PLC,lifestyle,28
Salinas-Miller,health,48
Daugherty-Walker,health,125
Hicks, Erickson and Vance,art,59
Austin LLC,art,138
Harrington, Smith and Mahoney,health,107
Newman Group,technology,121
Ramos, Mcdaniel and Roberts,lifestyle,91
Ball, Thompson and Stephens,art,122
Sanchez-Ashley,lifestyle,133
Banks PLC,lifestyle,103
Ortiz-Smith,health,21
Sellers, Moss and Kelly,health,44
Taylor, Lee and Elliott,health,103
Perry-Jenkins,health,91
Cox-Davis,languages,34
Compton LLC,lifestyle,122
Bennett, Kim and Baldwin,technology,93
Heath, Hill and Mccall,art,108
Rangel-Lyons,technology,89
Larsen-Hull,languages,80
Watts Ltd,lifestyle,59
Blake-Smith,lifestyle,49
Ruiz, Holt and Garner,art,128
Gonzalez LLC,technology,89
Jackson, Rowe and Hart,lifestyle,60
Jacobs LLC,lifestyle,135
Foster-Garza,languages,100
Ford-Mann,languages,41
Hernandez Ltd,languages,77
Mcbride-Campbell,health,109
Roberts-Pope,lifestyle,21
Davis and Sons,health,65
Nixon-Thomas,lifestyle,36
Garcia Inc,technology,42
Keith-Smith,health,20
Bruce Inc,languages,89
Estrada-Willis,art,96
Parks-Thomas,technology,133
Thomas Group,languages,61
Riley, Norton and Wallace,languages,37
Hawkins and Sons,art,33
Hansen-Rogers,languages,133
Wong Group,lifestyle,142
Robinson Group,lifestyle,139
Patterson Inc,technology,100
Jackson LLC,technology,72
Jones, Mitchell and Reese,languages,47
Gregory PLC,lifestyle,75
Perry, Jenkins and Jordan,technology,37
Richardson-Marsh,art,146
White and Sons,lifestyle,105
Crawford Ltd,art,40
Ross Ltd,languages,86
Hinton Group,health,95
Mcpherson, Barnett and Wall,health,95
Jones, Andrews and Donaldson,lifestyle,82
Haas, Baker and Miller,health,53
Rivera-Mcconnell,health,129
West LLC,technology,28
Guerrero Group,lifestyle,27
Stephenson, Payne and Chandler,lifestyle,116
Brown-Matthews,technology,96
King-Hernandez,lifestyle,97
Perez-Schultz,health,99
Thompson, Wilson and Rivas,lifestyle,141
Bauer-Camacho,lifestyle,78
Duncan, Holloway and Werner,health,75
Clark-Noble,languages,62
Duncan, Lewis and Griffith,technology,61
Powell-Wagner,art,22
Jones, Brown and Rivera,health,134
Martinez, Mcbride and Robinson,technology,47
Casey LLC,lifestyle,148
Nunez-Carter,languages,54
Price LLC,languages,89
Stevens Inc,art,20
Thompson-Williams,languages,134
Charles, Beasley and Hogan,languages,68
Casey-Curry,technology,135
Rivas, Hoffman and Townsend,health,130
Johnson and Sons,health,122
Phillips and Sons,art,106
Parker, Francis and Tran,health,91
Johnson-Brown,art,32
Larson-Ritter,lifestyle,95
Wells LLC,technology,103
Keith Ltd,health,85
Miller, King and Hicks,languages,118
Harding-Martinez,lifestyle,98
Welch, Brady and Spencer,languages,113
Davis-Hamilton,languages,121
Perkins Inc,lifestyle,135
Williams-Watts,lifestyle,141
Miller, Young and Johnston,lifestyle,54
Cochran-Hall,art,102
Lewis-Mccormick,lifestyle,67
Watkins and Sons,art,56
Michael-Anderson,technology,130
Collins Ltd,art,62
Webster Inc,art,82
Ramos, Gordon and Morris,languages,82
Jefferson Group,art,77
Parker-Love,technology,99
Turner, Lester and Johnson,art,142
Williams, Barnett and Fernandez,languages,67
Wells Inc,technology,130
Williams-Smith,languages,20
Benson and Sons,technology,109
Blake, Powell and Farrell,lifestyle,117
Smith, Rose and Ball,technology,87
Fitzgerald-Turner,lifestyle,102
Roberts-Weiss,languages,149
