Robert Rowe,+1-530-193-3822x7232, Press sub
Erin Elliott,001-431-188-1727x259, Personal assistant
Sally Stone,001-459-623-2108, Scientist, research (life sciences)
Raymond Luna,2573612911, Ergonomist
Jennifer Hines,135-609-0017x2861, Graphic designer
Katie Wells,+1-884-751-7036x20555, Pharmacist, community
Shelly Smith,001-323-821-1120x398, Furniture conservator/restorer
Mckenzie Ferguson,001-587-148-6646, Engineer, control and instrumentation
Richard Harris,+1-391-055-8340x3982, Engineer, electronics
Andrea Rodriguez,(684)392-2307x004, Scientist, audiological
Cathy Stevenson,+1-266-262-3152x243, Cytogeneticist
Morgan Thomas,908-595-4681x577, Medical secretary
Roger Hernandez,4112442493, Therapist, occupational
Kaitlyn Nelson,001-211-941-0215x434, Public house manager
Jennifer Levy,985-378-0693x9003, Administrator
Sarah Hansen,(967)469-1874x54858, Surveyor, rural practice
Michael Keith,713.440.5676x57041, Water quality scientist
Andrea Poole,001-041-211-7262x92624, Retail manager
Russell Spencer,5102742587, Broadcast presenter
Kim Phillips,001-709-470-4139x2011, Sports therapist
Ashley Payne,+1-080-059-9386, Farm manager
Shawn Castro,(081)731-5325, Radiographer, diagnostic
Sarah Romero,208.165.7342, Scientist, research (medical)
Kelly Perkins,188.764.4563x8715, Estate manager/land agent
Michele Matthews,532-267-4717x6773, Archivist
James Wade,080.195.0749, Charity officer
Mrs. Abigail Walker,+1-027-757-9066x11077, Press photographer
Joseph Gilmore,565-287-9310, Research officer, government
Jessica Tanner,(413)522-1470x619, Field seismologist
Daniel Lucas,(678)168-0491x362, Administrator, arts
Katelyn Lawrence,840-051-1307, Programmer, systems
James Martinez,293-828-4799, Games developer
James Phillips,(178)672-4164, Engineer, automotive
Timothy Clarke,+1-663-118-7551x59385, Clinical scientist, histocompatibility and immunogenetics
Nicolas Walls,001-821-034-2620x094, Psychologist, clinical
Amy Newman,535.912.1784x749, Barista
Angela Ewing,001-639-255-3691x04494, Lecturer, further education
Valerie Green,+1-950-723-5866x017, Advice worker
Brian Holland,310.258.3143x63568, Microbiologist
Lauren Burgess,213-619-0512, Brewing technologist
Justin Lopez,5383377849, Media planner
Amy Lee,852-501-0587, Pathologist
Mackenzie Velez,+1-464-375-1180, Sports development officer
Michelle Blackburn,+1-159-069-4011x74061, Producer, television/film/video
Steven Dixon,480.755.7882x055, Investment analyst
Margaret Ramirez DVM,001-534-991-0823x62286, Engineer, structural
Nancy King,001-169-292-2806, Engineer, civil (consulting)
Ms. Susan Robertson,+1-924-736-8676x6067, Chief Strategy Officer
Casey Bryan MD,883.659.9266, Nurse, mental health
Paula Ward,772.313.0830x64991, Scientist, clinical (histocompatibility and immunogenetics)
Christina Banks,+1-373-777-5048x818, Quarry manager
David Martinez,503-770-3972x9116, Purchasing manager
Marisa Harrington,(137)962-3204x481, Journalist, broadcasting
Anthony Marquez,915.423.7229x74107, Designer, jewellery
Christopher Burke,(776)275-6325x917, Administrator, sports
Daniel Long,(315)632-1155, Dance movement psychotherapist
Sarah Wilson,868-757-5121, Agricultural engineer
Elizabeth Brown,250.671.2361, Furniture conservator/restorer
Jason Robbins,+1-417-749-2829x46506, Physiological scientist
Ashley Hernandez,347-936-3982x26074, Administrator, education
Jesse Lopez,001-644-951-6057x1028, Designer, furniture
Michael Wright,1884055084, Designer, blown glass/stained glass
Debra Hunter,+1-279-461-3793x812, Race relations officer
Veronica Krueger,001-628-243-1352x316, Scientist, water quality
Travis Wong,001-210-671-1119x7895, Programmer, multimedia
David Baird,(451)976-2856, Adult nurse
Megan Francis,001-117-531-2539, Minerals surveyor
Melissa Brown,534-466-7389, Broadcast journalist
Lucas Lopez,+1-706-780-5456, Chiropractor
Cheryl Rush,(938)797-7930x769, Animal nutritionist
Ruth Roberson,8642112104, Exhibitions officer, museum/gallery
Ashley Hart,177-070-1467x800, Banker
Mr. Justin May,(026)140-8649, Engineer, mining
Julia Nelson,(644)025-9535x2035, Microbiologist
Michael Hardy,222.006.3591x58186, Scientist, product/process development
Richard Hill,001-641-606-7114x0419, Presenter, broadcasting
Dale Martinez,(297)080-4462x4466, Barrister
Mary Alexander,(119)922-8892, Runner, broadcasting/film/video
Roger Brown,(461)519-3168x765, Exhibition designer
Melissa Reeves,827.749.1972, Advice worker
Danny Love,364.130.9899, Chiropractor
Karen Hernandez,931-868-2167, Firefighter
Julia Kelley,(833)705-7233, Designer, industrial/product
Mark Stevens,001-934-815-2958x86515, Environmental education officer
Mitchell Patterson,+1-977-318-1741x993, Company secretary
Philip Cruz,486-352-6098, Surveyor, quantity
James Hester,548-529-6625, Scientist, biomedical
Amanda Rivera,881-859-1251x48162, Production engineer
Shaun Phillips,269-756-3738, Engineer, building services
Marcia Jackson,001-412-256-1774x718, Geographical information systems officer
Wendy Grimes,+1-587-316-2676x197, Musician
Daniel Meyer,459.636.8024, Scientist, forensic
Roger Ortiz,468-030-5979x31393, Engineer, structural
Anna Dixon,998.661.2959, Psychologist, sport and exercise
Cynthia Vaughan,0057584114, Dentist
David Peterson,+1-131-534-3200x182, Actor
Marcia Woods,392-234-5160x888, Actor
Donna Prince,829.858.1532x012, Pilot, airline
Michael Oneill,+1-729-553-3885, Accountant, chartered management
Dr. Gregory Taylor,551-859-6335, Surveyor, hydrographic
John Dorsey,823-564-5951x6553, Pensions consultant
Michelle Massey,(703)379-1028, Mental health nurse
Susan Johnson,811-031-1057x87511, Production designer, theatre/television/film
Michelle Nguyen,750-089-2203x971, Armed forces training and education officer
Donald Jackson,888.704.2268x8076, Marine scientist
Travis Chan,001-422-588-9291x59057, Make
Tiffany Castillo,001-946-859-4279x567, Environmental manager
Kayla Nielsen,826.261.9114, Seismic interpreter
Mr. Edward Taylor,666.943.7023, Surveyor, hydrographic
Larry Mckinney,+1-733-608-5542x59833, Patent examiner
William Snow,895.962.7953, Psychotherapist, child
Madison Rodriguez,088-017-4972, Customer service manager
Whitney Ryan,6767792042, Market researcher
Melanie Kaufman,001-063-947-8558x4627, Quarry manager
Amber Patterson,001-886-066-2887x2831, Occupational therapist
Miranda Payne,739-906-1837, Microbiologist
Kelly Ross,270.145.3101x7315, Teacher, English as a foreign language
Ashlee Wolf,+1-428-229-9121x315, Airline pilot
Brenda Johnson,+1-268-950-8331x47300, Jewellery designer
George Gonzalez,767-287-8707, Seismic interpreter
Misty Joseph,001-273-342-2764x4681, Visual merchandiser
Casey Buchanan,130.359.0709, Nutritional therapist
Jonathan Taylor,001-585-248-3488x61338, Politician's assistant
Brian White,+1-686-231-4803, Operational researcher
Nicole Morrison,+1-234-532-8200, Therapist, art
Lindsay Simon,001-873-052-4189x746, Colour technologist
Taylor Garcia,+1-306-913-1261x4138, Sports administrator
Donald Stokes,224-046-7551x534, Embryologist, clinical
Stacy Campbell,527.834.4186x5777, Engineer, drilling
Gail Miller,+1-756-178-2156x354, Administrator, education
Mark Gonzales,8306672302, Engineer, broadcasting (operations)
Joshua Roberts,602-927-9072, Ceramics designer
Melissa Robinson,(787)118-6090, IT trainer
Calvin Jones,+1-877-385-5715x10086, Press sub
Stephanie Mendez,324.601.9346x976, Clinical molecular geneticist
Nicholas Holmes,001-031-126-5819x209, Counsellor
Thomas Bradley,4328393587, Contractor
Bradley Norton,+1-990-848-0822x57599, Catering manager
Katherine Sims,+1-685-021-6966x31149, Public relations officer
Sarah Miller,540.105.1101, Scientist, physiological
Sharon Patel,(002)170-9953x26867, Pathologist
Gregory Wade,7815458170, Maintenance engineer
Olivia Smith,001-472-897-0082x5835, Primary school teacher
Amanda Gonzales,289.524.3657x56739, Clinical embryologist
Thomas Barnes,994.673.0652x524, Professor Emeritus
Ronald Mcdaniel,+1-995-992-1057x789, Scientist, audiological
Micheal Diaz,250.557.7767, Water quality scientist
Victoria Mendez,362-455-8266, Armed forces training and education officer
Bruce Sandoval,001-430-475-3136, Restaurant manager
Jennifer Pace,619-564-3749, Transport planner
Crystal Mcdaniel,+1-669-115-0759x01861, Buyer, retail
Jennifer Hernandez,474.351.0796x3922, Hydrogeologist
Andrew Green,188-112-2148x46737, Dance movement psychotherapist
Tammy Johnson,493.271.0855x3847, Financial planner
Tyler Douglas,512-639-1512x6410, Electronics engineer
Kimberly Larson,9477018050, Scientist, physiological
Rebekah Davis,520-483-9562, Community pharmacist
Anita Cook,310.107.5593x7369, Homeopath
Ronald Decker,(041)584-2764x83179, Public affairs consultant
John Herrera,001-609-031-9843x313, Cytogeneticist
Kenneth Butler,(303)062-1440x10803, Glass blower/designer
Jennifer Harris,353.822.0888, Marketing executive
Jacob Miller,516.202.2918x631, Mechanical engineer
Kaylee Whitaker,001-685-354-4254x6989, Merchant navy officer
Brandon Cervantes,+1-776-000-3940x797, Dietitian
Joseph Evans,+1-192-161-7649x68077, Quarry manager
Ruth Marquez,+1-267-636-0299x5796, Farm manager
Donald Gill,542.532.6847x5600, Advice worker
Candace Williams,351-114-8353, Nutritional therapist
Dr. Brandon Frost,832.285.9770x8142, Engineer, control and instrumentation
Cody Warren,+1-291-776-9617x4510, Musician
Lee Davis,672.165.1045, Social researcher
Elizabeth Roberts,(254)001-0037x452, Librarian, public
Amber Lang,551-771-4788, Production assistant, radio
Nicole Miller,001-961-793-2589, Retail buyer
Brenda Ryan,807-712-3436x960, Higher education careers adviser
Amanda Duran,+1-245-723-9829x70442, Ranger/warden
Theodore Brown,7995375355, Museum/gallery conservator
Barbara Ho,517-805-2428, Leisure centre manager
Kenneth Bowen,853.624.3472x8279, Actor
Nicole Taylor,(588)339-0196x2471, Magazine features editor
Amy Lopez,(901)255-0122, General practice doctor
Michael Curry,+1-500-372-1263x591, Lecturer, further education
Ana Carey,806-520-6837x12189, Radio broadcast assistant
Adrian Thornton,053-692-3231, Management consultant
Barry Carlson,034.539.9819x524, Psychologist, occupational
Christine Coleman,+1-214-836-9129x16234, Production assistant, television
Gregory Humphrey,(033)811-7990x1172, Actor
Barbara Curtis,(194)430-8543, Corporate treasurer
David Evans,001-534-195-0472x8209, Tourist information centre manager
Theresa Montoya,001-720-292-4470x89807, Designer, ceramics/pottery
Wendy Reilly,001-549-113-6365x7876, Geologist, engineering
Adam Garcia,(972)209-1777, Designer, multimedia
Jennifer Mcdowell,(024)438-4121, Dentist
Anthony Stewart,(898)825-6460, Music therapist
Joel Davies,(509)089-8079, Intelligence analyst
Carl King,094.827.3363x7742, Psychologist, prison and probation services
Elizabeth Velez,(237)232-5509x112, Counselling psychologist
Karen Campbell,058.841.5082x9344, Firefighter
Christopher Fleming,597-749-9582x53014, Engineer, control and instrumentation
Jamie Flynn,+1-606-648-2975, Magazine features editor
Ryan Jordan,011.177.3347x2767, Contracting civil engineer
Linda Webb,235-788-9735x4184, Psychiatrist
Jerome Kaiser,001-420-328-3169x34825, Pensions consultant
Matthew Gomez,356.802.5156, Dramatherapist
Caitlin Morrow,(283)946-5856x508, Prison officer
Laura Allen,(598)664-1661x6866, Research scientist (medical)
Theodore Pham,001-894-849-8161x074, Biochemist, clinical
Roy Cervantes,001-900-614-2471x45159, Designer, furniture
Timothy Wright,0966939766, Quantity surveyor
Aaron Cooper,630-731-5089, Geochemist
Nichole Phillips MD,735.899.4083, Engineer, biomedical
Adam Walker,001-295-713-1682x0220, Intelligence analyst
Melissa Miller,+1-674-775-1072x46692, Leisure centre manager
Ariel Lowery,113-256-4413, Engineer, structural
Gina Garcia,001-374-899-7509, Local government officer
Sherry Wilson,405-841-7539, Ranger/warden
Brianna Young,661.462.4138x563, Acupuncturist
Cathy Mason,+1-763-880-4239x9695, Psychiatric nurse
Leah Delgado,001-762-804-5268x08842, Speech and language therapist
Henry Yates,001-254-148-0141, Rural practice surveyor
Michael Diaz,336.580.5381x9793, Administrator, local government
Martin Hart,082-110-2726x17011, Clinical cytogeneticist
Rebecca Clarke,(016)043-5438, Horticultural consultant
Steven Haynes,001-734-852-0416x7692, Restaurant manager, fast food
Brandon Reid,+1-495-532-5315x73311, Pharmacist, community
Christina Hicks,1806505026, Logistics and distribution manager
Megan Griffin,(374)960-8432x285, Quantity surveyor
Robert Barnes,001-422-940-1716x65833, Naval architect
Cynthia Davis PhD,4249017817, Herpetologist
Sarah Cole,262-662-9083x4696, Actuary
Erik May,001-027-429-2154, Architect
Kathy Evans,501.586.8046, Medical physicist
Steven Turner,001-565-245-2268x9893, Designer, graphic
Andres Cox,+1-973-463-8202x9173, Engineer, structural
Jennifer Murray,+1-312-482-5681x7378, Actor
Matthew Adams,768.015.0474x877, Tree surgeon
Shelby Vargas,472.268.9212x491, Theatre director
Jennifer Hebert,+1-928-037-4777x274, Fine artist
Kathryn Ortiz,(810)909-7237, Producer, radio
Jacob Johnston,+1-856-819-8999x4726, Advertising copywriter
Brenda Doyle,276.717.1717x8888, Film/video editor
Taylor Price,760.912.3145, Designer, blown glass/stained glass
Sean Morrison,(193)393-6516, Accommodation manager
Lauren Reilly,047.542.4305x58787, Armed forces training and education officer
Cindy Merritt MD,368-759-9774x28649, Technical sales engineer
Kayla Abbott,(801)054-9247x4334, Farm manager
Haley Rubio,697.746.1217, Investment banker, operational
Terry Lucas,092-840-8862x8673, Police officer
Destiny Wilson,182.299.9398x91255, Tourist information centre manager
Samuel Wheeler,001-802-667-1790x9760, Teacher, English as a foreign language
Thomas Brown,316.101.7692, Ambulance person
Chloe Lowe DDS,9225172184, Lecturer, higher education
Ariel Rice,226.736.7863x3523, Further education lecturer
Brett Scott,720.637.5484x65607, IT trainer
Tyler Park,(556)862-1369, Ergonomist
Amanda Avery,146-135-7624x6449, Heritage manager
Alicia Sweeney,949.309.6917x0421, Surveyor, building
Mark Mcdowell,(134)062-0914x18267, Research officer, trade union
Lauren Bright,371-788-9381x141, Haematologist
Victoria Franklin,(170)075-1165, Radiographer, diagnostic
Peter Bell,001-563-806-0606x78286, Field trials officer
Shelley Wolf,+1-277-700-4096, Futures trader
Jordan Long,022.804.5361x6298, Architect
Rachel Hernandez,+1-992-256-0785x463, Pathologist
Crystal Munoz,938-924-3291, Airline pilot
Erik Larsen,001-623-833-1651, Herbalist
Roger Weber,053-515-7141x29274, Risk analyst
Richard Watson,5015309310, Teacher, English as a foreign language
Katherine Kidd,745.138.2698x3267, Sales promotion account executive
Douglas Conley,3996891424, Fish farm manager
Timothy Barnett,488-297-7997x6514, Medical laboratory scientific officer
James Dickerson,(538)612-4456x15783, Regulatory affairs officer
Randall Hood,592.434.2010, Radio producer
Amanda Scott,263-536-7106x7267, Actor
Laura Cameron,001-149-153-5717x83509, Research officer, trade union
Tracey Mueller,+1-028-032-0787x5848, Copywriter, advertising
Dr. Rebecca Wilkinson,625-623-7630, Scientist, research (maths)
Louis Santos,128-700-3860, Production engineer
Gina Cole,153.564.1622, Intelligence analyst
Aaron Potter,001-118-479-2954, Scientist, marine
James Davis,941-035-3773x788, Buyer, retail
Megan Reeves,001-782-384-6107x40866, Restaurant manager, fast food
Alex Russell,8168048367, Editor, film/video
Janet Miles,750-364-0378x084, Psychiatrist
Sara Newton,0840890336, Equality and diversity officer
Denise Rodriguez,+1-237-455-3577, Surveyor, land/geomatics
Robert Campbell,001-086-095-1831x6537, Architect
Kara Francis,288.121.7473, Copywriter, advertising
Tamara Rice,001-940-762-0463x717, Politician's assistant
Bianca Conley MD,7126789915, Fast food restaurant manager
Anthony Coleman,4966688038, Phytotherapist
Shelby Combs,136-246-7790, Production engineer
Gary Sampson,471-257-9539x177, Advertising account executive
Mark Shepard,606-709-4450x42325, Dispensing optician
Brian Johnson,001-044-314-4921x02410, IT consultant
Patrick Wheeler,001-115-298-7258x22128, Surveyor, building
Kelly Orozco,884-725-3468x210, Lawyer
Matthew Rodriguez,840.084.3522, Sports development officer
Karen Lewis,001-435-172-5803x43576, Paramedic
Melissa Smith,695-398-0928x271, Buyer, industrial
Dominic Mcfarland,393.658.1681, Insurance claims handler
Paul Foster,625.215.1891, Futures trader
Anthony Kim,272.989.1774, Product designer
Dennis Leon,168.364.8059x5224, Meteorologist
Deborah Li,371-508-7873x775, IT trainer
Judy Burke,(355)306-8528, Teacher, special educational needs
Paul Hampton,658.423.4128, Chemical engineer
Lee Flores,257.485.7399, Pensions consultant
Laura Herrera,(945)197-6319x041, Architect
Leah Dunn,001-494-772-3986x966, Engineer, chemical
Sarah Bright,4865220189, Architectural technologist
Paul Herrera,+1-724-479-8683, Tax inspector
Michelle Dean,(853)563-2006x2197, Field trials officer
Richard Moreno,3729461703, Associate Professor
Susan Johnson,684.742.0674x813, Nurse, children's
Colleen Grant,987-960-0921, Educational psychologist
Mason Martin,(271)815-0661x263, Secondary school teacher
Shawn Pittman,620-035-0489, Accountant, chartered
Scott Cook,(741)646-5644x601, Consulting civil engineer
Dennis Watson,850.111.4601x9716, TEFL teacher
Barbara Smith,1400613321, Careers adviser
Kristen Bridges,567.337.1647x66704, Financial trader
Dr. Raymond Smith,001-215-015-8890x350, Learning disability nurse
Rachel Pittman,3434322799, Psychotherapist, child
Linda Perez DVM,+1-591-584-4190, Maintenance engineer
Elijah Hernandez,001-477-750-6812x3918, Metallurgist
Lori Alexander,205-604-1308, Sales executive
Dawn Campbell,001-766-955-4590x5359, Child psychotherapist
Nicole Hale,001-802-407-2934x5932, Higher education lecturer
Mary Oconnor,+1-885-210-2884x035, Journalist, broadcasting
Brandon Peterson,049.934.7465x4871, Dramatherapist
Megan Anderson,229-039-8701, Chartered loss adjuster
Sherry Stanley,144.733.2310, Music tutor
Zachary Williams,429.964.6949, Mining engineer
Melissa Robinson,970-017-5465x136, Phytotherapist
Luis Robinson,8271963735, Surveyor, rural practice
Kevin Maldonado,001-515-808-6339x888, Geophysical data processor
Ryan Stephens,+1-226-430-1373x3494, Make
Sandra Johnson,(627)414-8542, Acupuncturist
Bailey Cabrera,+1-775-713-6706x28336, Counselling psychologist
Rebecca Coleman,001-345-057-3768x2428, Building control surveyor
Willie Case,(799)689-8701x160, Energy manager
Natalie Jensen,(783)407-4187x54436, Sports development officer
James Mendoza,950-723-6733x67462, Acupuncturist
Dana Hayes,387.403.7409x1263, Lobbyist
Frank Mckay,120-660-8888x90146, Commercial art gallery manager
Patrick Wyatt,001-976-338-7827x7825, Buyer, industrial
Andrew Bernard,214.518.5515x402, Engineer, manufacturing
Michael Cunningham,(169)230-7046, Radiographer, therapeutic
Elizabeth Young,+1-636-781-9295, Engineer, petroleum
Jesus Fowler,493.014.7678, Radiographer, therapeutic
Francisco Guerra,(953)666-0717, Teaching laboratory technician
Christopher James,342.204.4367x272, Journalist, magazine
Lindsay Crosby,+1-420-033-4756x976, Teaching laboratory technician
Kaitlyn Lopez,1684641517, Interior and spatial designer
Jeffrey Jackson,395.580.4030, Radiation protection practitioner
John Mcpherson,501.021.3772x3323, Exercise physiologist
Jason Johnson,482-621-6270x092, Research scientist (life sciences)
Chad Larson,139-067-0358x1169, Physiological scientist
Vanessa Lane,936.636.2670x087, Civil Service fast streamer
Cameron Mccoy,5111580237, Tax inspector
Janice Webb,255-873-1892x6469, Contracting civil engineer
Diana Underwood,9230658191, Trade union research officer
Deanna Bennett,001-893-517-5129x4716, Facilities manager
Bianca Washington,+1-672-923-5082x1721, Control and instrumentation engineer
Samantha Bernard,092-734-5185x6056, Chartered loss adjuster
Melissa Garner,572-098-3620x5801, Retail banker
Sandy Macdonald,179-427-6362, Biomedical scientist
Christina Mccann,+1-337-391-0614x2595, Network engineer
Jennifer Martinez,001-930-019-1626, Personnel officer
Steven Stephenson,798.816.9835, Building services engineer
Holly Green,+1-527-755-0409x4343, Horticulturist, amenity
Michael Cross,+1-369-771-9604x972, Town planner
Jamie Ewing,001-765-426-8475x48125, Surveyor, rural practice
Sandra Perry,(105)593-1254x327, Economist
Beverly Mccarthy,(687)569-3128x953, Exhibitions officer, museum/gallery
Kathryn Stafford,403-597-7664, Conservator, furniture
Rebecca Taylor,(231)358-1064x25481, Forensic psychologist
Matthew Wood,001-383-582-3455x42754, Psychiatrist
Jacqueline Miller,803.903.8353x53544, Lecturer, higher education
Cynthia Murray,7930114226, Estate manager/land agent
Sarah Ball,272.389.8503x918, Drilling engineer
Ana Johnson,149-674-0351, Community education officer
Hannah Goodwin,001-420-816-2569, Therapist, sports
Matthew Lester,023.367.5894x999, Mudlogger
Shannon Hernandez,881-288-3882, Network engineer
Dustin Davenport,(749)712-3682, Cabin crew
Joanna Holmes,(368)263-4135x97468, Herbalist
Colleen Olson,318.069.4099x5480, Early years teacher
Amy Crane,+1-205-922-8839x057, Scientist, physiological
Andrew Murray DDS,+1-969-032-5516, Horticultural therapist
Teresa Davis,001-310-998-5491x34823, Research scientist (medical)
Matthew Haynes,845.613.5661, Company secretary
Joshua Potts,341.332.4379x3260, Librarian, academic
Amanda Bailey,+1-371-088-3221x88730, Adult nurse
Tina Patterson,(389)963-7372, Careers information officer
Christopher Anderson,001-500-865-6429x03309, Arts administrator
Kelly Lozano,001-682-039-0884x810, Merchandiser, retail
Troy Price,051-887-0788x24966, Pharmacist, community
Christopher Mills,688.240.8272x166, Charity fundraiser
Alexis Pineda,(011)354-3612x42669, Charity officer
Ashley Mcdonald,845.801.3099x878, Producer, radio
Susan Brown,+1-389-295-3462x324, Television floor manager
Brett Jimenez,1843357088, Teacher, early years/pre
Veronica Alvarez,3278197524, Physiological scientist
Tamara Baldwin,+1-309-087-0453x6490, Geophysicist/field seismologist
Kyle Sanchez,(545)887-0996x04934, Commissioning editor
Shannon Lewis,508-535-8410, Photographer
Chelsey Brock,998.253.3986x631, Chartered public finance accountant
Breanna Martin,532.926.3957x90481, Chartered management accountant
Austin Cox,001-801-846-8232, Public relations account executive
Amanda Valenzuela,690.530.4301, Network engineer
Dana Davis,001-349-006-0628x5515, Make
Kara Brown,+1-931-345-1476x25681, Computer games developer
Kurt Gibson,001-506-006-3498, Learning disability nurse
Nicolas George,(038)085-8598x17543, Public relations officer
Mathew Powell,+1-768-772-4721x961, Trade mark attorney
Stacey Stokes,+1-916-879-3312x3778, Contracting civil engineer
Adam Jackson,(312)193-1272x707, Operational researcher
Laura Rodriguez,332-921-1110, Conference centre manager
Stephanie Ware,001-962-599-9616x2587, Ecologist
Leslie Jordan,339-362-1212x57591, Archivist
Andrea Taylor,+1-466-748-9766x3069, Youth worker
Linda May,871-416-9364x52769, Analytical chemist
Kristen Roth,001-235-974-3505, Industrial buyer
Samantha Bailey,001-571-539-8500x8476, Surveyor, hydrographic
Jacqueline Jordan,001-357-537-5810x75562, Surveyor, building control
Stephanie Cox,+1-927-512-9082x687, Early years teacher
Jennifer Vazquez,364-596-1596, Administrator, sports
Laura Sanchez,610.421.8528x72130, Diplomatic Services operational officer
Teresa Reyes,0531333661, Camera operator
Angela Carpenter,(888)984-7140x0878, Broadcast presenter
Shawna Potter,883-526-3044x64319, Petroleum engineer
Nicholas Lawrence,7472599958, Learning mentor
Jonathan Williams PhD,+1-263-490-3828x92738, Network engineer
Gloria Dodson,001-241-577-7932x125, Firefighter
Reginald Lee,+1-915-437-1230x4753, Ambulance person
Michael Campbell,4672751122, Proofreader
Dawn Hurley,612.637.8589x2765, Police officer
Emily Williams,(507)132-2889, Petroleum engineer
Renee Fox,913-023-5558, Minerals surveyor
Pamela Herrera,+1-274-356-6855x2966, Forest/woodland manager
Seth Barker,(158)904-2941x442, Clinical embryologist
Randall Pitts,482-335-5461, Human resources officer
Christina Dunn,235-857-2535, Health and safety adviser
Adam Parrish,996.164.4855x75340, Tax adviser
Elizabeth Thompson,(432)435-5617, Further education lecturer
Joseph Johnson,819.791.4533, Advertising account planner
Thomas Ferguson,(933)061-3571x876, Chemical engineer
John Wells,001-105-404-1074, Industrial/product designer
David Mason,510.472.1893, Microbiologist
Isabella Bradley,001-760-676-9324, Conference centre manager
Donald Morris,(335)589-7172x1090, Actor
Yvette Baker,104-138-9684x1836, Psychotherapist, dance movement
Kimberly Vincent,835-368-1276x0896, Manufacturing engineer
Margaret Carson,522.763.9093, Consulting civil engineer
Carrie Moore,4452261558, Programmer, multimedia
Lisa Davis,923.127.4204, Chief Operating Officer
Haley Shepherd,+1-000-840-3936x425, Administrator, education
Julie Francis,+1-942-309-3717x5385, Learning disability nurse
Jennifer Norris,106.646.9659x5419, Financial risk analyst
Suzanne George,825.641.1174, Quality manager
Tina Wilkinson,055.096.0964, Geologist, engineering
Kellie Sanchez,(907)470-7541x576, Graphic designer
Ashley Leblanc,118.331.8427x0398, Biomedical engineer
Sara Rodriguez,496-439-3416, Exercise physiologist
Rebecca Simmons,996.795.5597, Therapeutic radiographer
Jessica Jimenez,337-383-6791x98328, Paediatric nurse
Tyler Bradford,+1-588-503-4554, Occupational psychologist
Randy Haynes,(249)151-9057, Forensic scientist
Oscar Gonzalez,882.488.0441, Medical illustrator
Alejandra Nichols,254-625-3532x18153, Geologist, engineering
Christopher Keller,(812)383-6181, Engineer, manufacturing
Julia Franco,523-396-2740x41756, Fitness centre manager
Julie Bolton,+1-345-923-8582x11498, Contractor
Ashley Rogers,924.249.7759x28769, Local government officer
Yvonne Phillips,+1-726-824-3044x231, Microbiologist
Courtney Christian,303.334.2454, Radio producer
Juan Bonilla,720.357.7107, Optician, dispensing
Christopher Townsend,987.061.5872, Dealer
Douglas Scott,001-173-607-4369x185, Sport and exercise psychologist
Arthur Carpenter,+1-593-546-0046x93608, Artist
Jessica Martin,001-086-933-3183x7402, Surveyor, commercial/residential
Michael Davis,+1-209-120-7200x75939, Embryologist, clinical
Logan Hall,001-382-169-4784x741, Politician's assistant
Dwayne Garcia,6241593241, Designer, multimedia
Jeffrey Reed,053.248.8350x8623, Landscape architect
Brian Morales,001-296-045-4294x1427, Research scientist (physical sciences)
Kelly Hernandez,485-539-7174, Forest/woodland manager
Thomas Hutchinson,(547)900-6259x22769, Ceramics designer
Joe Russell,(216)876-5225x769, Building control surveyor
Margaret Gonzales,+1-557-444-9431x23876, Advertising account executive
Mary Simpson,(008)469-2458, Prison officer
Michael Anderson,(366)638-2903x58060, Art therapist
Kenneth Rogers,972-391-6115x3249, Psychologist, prison and probation services
Joshua Graham,+1-681-297-8340x33654, Administrator, sports
Kelly Long,1206796737, Consulting civil engineer
Sarah Rubio,459.544.6679x20007, Research scientist (maths)
Kathryn Cherry,001-488-263-3995, Database administrator
Michele Espinoza,(869)375-5864x41059, Operational investment banker
Joseph Ferguson,+1-606-788-8533x480, Armed forces training and education officer
Melissa Patton,+1-579-298-6402x9844, Operational investment banker
Gregory Sanchez,957-903-9661x05457, Scientist, clinical (histocompatibility and immunogenetics)
Stacy Hood,(326)635-7232x392, Advertising account planner
Tyler Park,001-651-667-2721x1769, Primary school teacher
Ashley Willis,(822)018-4399, Clothing/textile technologist
James Carlson,224.169.5238x210, Adult nurse
Sandra Moore,001-690-530-6870, Claims inspector/assessor
Spencer Ponce,+1-405-320-9823x96559, Chartered management accountant
Kara Reeves,(413)900-5046x49875, Pharmacist, hospital
Heather Miranda,+1-310-650-4663x40963, Computer games developer
Teresa Morgan,828-734-5108, Research officer, government
Deborah Beck,(160)490-3608x49554, Tax adviser
Timothy King,459.032.9546, Dealer
Matthew Herrera,001-219-274-2994x94074, Therapist, sports
Adam Wilcox,(072)207-6964x0088, Emergency planning/management officer
Casey Carroll,624.122.0285, Architectural technologist
Emily Valenzuela,+1-163-175-1015x2004, Environmental manager
Tony Reed,6278255203, Loss adjuster, chartered
Stephen Webb,(231)526-8565x061, Astronomer
Robert Santos,001-418-183-0539, Health promotion specialist
Anthony Horn,959-780-4958x5150, Actor
Kelly Miranda,498.372.4585x64338, Barista
Madeline Hoffman,001-786-197-3915x1543, Fish farm manager
Danny Medina,001-672-757-6700x4186, Chief Financial Officer
Mary Warren,001-653-048-5867, Administrator, charities/voluntary organisations
Robert Sharp,001-703-090-6083x341, Energy manager
Laura Walsh,457-133-2184, Designer, furniture
Teresa Cobb,(902)924-4415x76662, Electrical engineer
Lisa Frazier,001-820-570-7333, Copy
David Jones,283-868-7366, Secondary school teacher
Holly Whitaker,001-421-503-3888x438, Comptroller
Natasha Gomez,+1-977-573-1412x975, Personal assistant
Alex Brown,404-108-0943, Librarian, public
Ronald Vaughn,466.948.2027, Geophysicist/field seismologist
Jose Jones,(042)766-4061, Geoscientist
Kayla Mack,(867)977-7153x2741, Secondary school teacher
Tina Simon,+1-067-708-7886x788, Biochemist, clinical
Linda Robinson,401.577.3332x7315, Administrator, education
Robin Fletcher,001-442-202-1330x900, Energy manager
Holly Pierce,948.431.1587, Police officer
David Gardner,(994)622-3399x01576, Ceramics designer
Sara Lopez,151.827.5017x5906, Water quality scientist
Jason Wood,589-037-8841x6800, Waste management officer
Victor Hill,+1-923-232-1222x9676, Advertising account planner
Justin Martin,078-638-8707x68811, Editorial assistant
Shawn Walker,+1-460-424-9657x938, Producer, radio
James Clay,001-205-547-2117x6506, Chartered management accountant
Julie Fletcher,(589)460-2577, Cytogeneticist
Deborah Medina,(583)744-8328x1506, Geologist, wellsite
Evelyn Medina,204-337-2669x757, Chartered loss adjuster
Alexander Bowman Jr.,(593)882-2012x572, Publishing rights manager
Aaron Yu,+1-083-134-1141, Public librarian
Amanda Chambers,179-507-4538, Biomedical scientist
Michael Massey PhD,(165)752-4021x0043, Control and instrumentation engineer
Brenda Howard,+1-660-003-4842x3877, Designer, multimedia
Alexis Walker,914-875-0239, Comptroller
Savannah Mcpherson,+1-874-020-7935x43658, Trade union research officer
Suzanne Montgomery,6856584174, Therapeutic radiographer
Marissa Andrews,001-502-598-9120x590, Police officer
Emily Jackson,+1-180-800-1315x979, Clothing/textile technologist
Alan Wood,302-374-6820x14070, Theatre director
Kenneth Keller,+1-008-864-1364x79631, Buyer, retail
Steven Elliott,(154)999-6008, Retail buyer
Isaiah Jones,218.129.9806, Education officer, community
Robert Perry,811.359.1256x899, Tree surgeon
Christopher Holt,388-662-8124x342, Publishing copy
Beverly Klein,673-553-2089x9035, Engineer, technical sales
Chad Flores,373-691-9401x9726, Child psychotherapist
Benjamin Cochran,943.405.3913x2477, Clinical molecular geneticist
Hayden Thompson,+1-518-509-2986x6467, Pathologist
Stephanie Hogan,933-743-8295, Midwife
Randall Murphy,555-339-8541x93730, Wellsite geologist
Heather Brown,2363598844, Theatre director
Stephanie Pitts,(681)526-0435x369, IT technical support officer
Keith Chambers,+1-205-456-7410x069, Accountant, chartered public finance
Jennifer Jackson,492-382-7652x0841, Metallurgist
Patricia Vargas,001-808-066-3207, Clinical scientist, histocompatibility and immunogenetics
Corey Miller,(361)550-4913, Private music teacher
Jeffrey Ryan,001-296-323-9135x554, Psychologist, clinical
Jason Ryan,(751)756-0680, Land/geomatics surveyor
Jake Watson,137.551.4356, Optician, dispensing
Kyle Nguyen,001-500-039-9786, Energy engineer
Christina Garcia,937-256-6691, Soil scientist
Paul Murphy,041.608.6787, Designer, fashion/clothing
Cindy Brady,288.261.9372x31941, Teacher, music
Michael Cole,8890163666, Designer, ceramics/pottery
Stephanie Rodriguez,732-841-9360, Surveyor, land/geomatics
Mr. Steven Martinez DVM,4041798095, Surveyor, hydrographic
Rodney White,(938)564-8598x81339, Tourist information centre manager
Dale Smith,(635)619-1910x190, Art therapist
Brandon Boyd,652.896.7475, Therapist, drama
Cole Robertson,840.093.7908, Editor, magazine features
Douglas Fuller,642-338-4949, Contracting civil engineer
Benjamin Harris,(212)641-9628x722, Programmer, systems
Kimberly Ward,535-337-5350x9649, Trading standards officer
Jason Escobar,665-765-0938, Astronomer
Tracy Miller,0798476094, Corporate investment banker
Sandra Dickerson,001-242-198-0714x5932, Systems analyst
Rebecca Thompson,(165)326-5846, Energy manager
Barbara Garcia,209-607-2733x3432, Mudlogger
Samuel Dillon,3087106727, Speech and language therapist
Brenda Gonzales,+1-108-548-5588x88433, Information officer
Karen Ryan,(039)125-9639x83471, Textile designer
Edward Ramirez,770-621-6580, Freight forwarder
Michael Weber,001-466-328-5879x21105, Insurance account manager
Matthew Reed,594-487-5838x109, Systems analyst
Kenneth Jones,(726)976-6616, Engineer, electronics
Laura Reed,379.982.0380x628, Psychologist, prison and probation services
Thomas Miller,577-533-0058x59106, Manufacturing engineer
Karen Calhoun,001-081-737-8179x5207, Health service manager
Vicki Reilly,+1-372-594-6091x126, Field seismologist
Paula Crawford,399-276-4296x485, Psychiatric nurse
Angela Diaz,877-101-3205x68836, Chief Strategy Officer
Lori Bates,(997)934-6734, Armed forces logistics/support/administrative officer
Amanda Carter,805.252.0776, Telecommunications researcher
Caleb Walker,710-882-0777x4201, Broadcast engineer
Glenda Mcdonald,+1-188-453-6249, Geologist, wellsite
Jessica Davidson,(915)168-8699x61020, Engineer, automotive
Robert Dunn,+1-534-847-2726x81979, Television production assistant
Courtney Caldwell,6273605881, Theatre director
John Mitchell,+1-845-439-5438, Tax inspector
Ruth Hall,7116252202, Intelligence analyst
Emma Ho,409-594-0558x304, Technical sales engineer
Sergio Simon,(271)287-1598, Editor, film/video
Meagan Gray,960.847.5717, Merchant navy officer
Ralph Fisher,+1-362-642-9219x073, Fisheries officer
Melissa Contreras,+1-501-922-1288x82002, Drilling engineer
Jackie Valdez,(967)283-9772, Hydrographic surveyor
Benjamin Fisher,+1-822-071-8779x56539, Clothing/textile technologist
Jennifer Downs,8420759514, Pharmacist, community
Christine Beltran,273-784-6370x751, Materials engineer
Curtis Small Jr.,(806)048-3264x73365, Herpetologist
Samantha Hester,7107257139, Clinical embryologist
John Price,4684861571, Advertising art director
Anthony Lester,+1-120-467-7113x353, Archivist
Gerald Cervantes,4082163152, Community development worker
Molly Mendoza,001-629-158-5486x8193, Editor, commissioning
Keith Brown,4098720682, Early years teacher
Christopher Mills,(850)873-5953, Marketing executive
Amanda Blackburn,(614)411-8658x67397, Legal secretary
Alexander Price,6259203547, English as a foreign language teacher
Teresa Charles,001-356-731-6217x373, Scientist, product/process development
Isaiah Patel,799-869-2436x64466, Learning mentor
Brian Crawford,+1-761-512-0964x66147, Commissioning editor
Michelle Pearson,974.400.3049, Town planner
John Vincent,175.726.5664x345, Designer, industrial/product
Thomas Barker,499-652-3969x19683, Outdoor activities/education manager
Kevin Johnson,(843)631-6764x2095, Geochemist
Kathleen Mahoney,2132913019, Insurance claims handler
Keith Morrow,5680221334, General practice doctor
Miss Dawn Mcdonald,605-689-9077x7020, IT sales professional
Sandra Armstrong,001-434-337-6696x6413, Chartered management accountant
Kyle Williams,001-531-117-2742x8230, Nutritional therapist
Katie Lynch,(309)869-3706x73797, Engineer, energy
Alyssa Kaufman,+1-515-238-3887x99218, Ranger/warden
Christine Stewart,+1-510-338-5218x51466, Video editor
James Berry,086.581.3214x10312, Psychotherapist
Julie Cobb,(441)670-4170x660, Arboriculturist
Sarah Blackburn,238-282-3769x650, Engineer, building services
David Jones,543.317.1004x965, Designer, television/film set
Brittney Davis,(680)896-8582x5899, Horticultural therapist
Robert Ramos,3519377155, Research scientist (physical sciences)
Kevin Griffin,282.765.8482x206, Chemist, analytical
David Wilkerson,001-502-110-7821x54857, Microbiologist
Mary Cortez,809.100.5176x9280, Electronics engineer
Jennifer Brown,+1-254-104-8508x2267, Musician
Jessica Harmon,218.974.7060x84554, Careers information officer
Keith White,+1-560-922-2129x408, Tax adviser
Sandra Frost,676-277-2996x684, Geochemist
Nicholas Castillo,(291)766-5123x8376, Industrial/product designer
Wanda Peterson,679.241.9110x818, Engineer, chemical
Barbara Miller,(603)776-5961x90106, Forensic psychologist
Zachary Gray,456-992-3001x6284, Theatre manager
Brian Johnson,(938)681-4026x45599, Herpetologist
Joshua Burke,001-460-637-4431, Environmental education officer
Kathleen Skinner,(368)318-7280, Petroleum engineer
Anthony Wallace,705.734.7979x3609, Archivist
Melissa Hernandez,+1-874-909-9437x644, Financial planner
Christina Kirby,0413985509, Scientist, water quality
Brian Wood,3193604219, Visual merchandiser
Elizabeth Wiggins,001-956-383-2226x23728, Clinical biochemist
John Oconnor,001.173.2775x1298, Amenity horticulturist
Howard Richards,+1-643-404-8350, Engineer, manufacturing
Eric Wiggins,+1-556-470-8859x309, Commercial horticulturist
Christina Smith MD,+1-605-480-4666x2824, Civil engineer, contracting
Julie Sullivan,423-047-7441, Museum/gallery curator
Mrs. Hannah Kelly,001-743-711-8412, Volunteer coordinator
William Ayala,158.383.6905x05439, Programmer, applications
Edward Mckay,648.450.4038, Emergency planning/management officer
William Martin,(208)313-6380x9819, Database administrator
Taylor Oliver,075.792.8245, Community arts worker
Kenneth Henderson,001-746-050-4875x564, Exhibition designer
Allison Miller,481.729.5558, Development worker, international aid
Tasha Shaw,001-667-173-8498x22144, Lecturer, higher education
Deborah Weber,736.532.7801x410, Air broker
David Taylor,009.389.0574, Multimedia specialist
Andrea Smith,658.301.7292x120, Warden/ranger
Amanda Moore,+1-244-770-3061x47289, Barrister
Michael Rivera,001-490-604-6285x59660, Art gallery manager
Charles Wilkins,+1-026-883-6656, Music therapist
Gregory Edwards,001-570-448-6758x5289, Commercial horticulturist
Mr. Austin Brown II,(724)164-1478, Retail merchandiser
Allison Jones,(642)341-2735, Logistics and distribution manager
David Sims,106.060.8623x5260, Retail manager
Michele Carroll,001-298-445-7310x6683, Soil scientist
Dennis Brown,+1-086-640-0228x3889, Academic librarian
Daniel Wells,+1-004-846-3323x2598, Hotel manager
Jeffrey Rich,039.745.8373x7096, Trade union research officer
Eric Barnes,001-809-080-7151x557, Engineer, civil (contracting)
Terry Greene,679-318-8238, Environmental consultant
Taylor Smith,+1-943-310-6955x5852, Financial planner
Nancy Martinez PhD,001-926-038-9286, Legal secretary
Paula Wallace,917.180.9352x1996, Therapist, speech and language
Matthew Barron,435.340.9909x1481, Commissioning editor
Russell Ramos,+1-666-244-1404x786, Technical sales engineer
John Myers,650-282-5034x4482, Paediatric nurse
Tanya Bennett,864-973-5305, Learning disability nurse
Tamara Turner,(212)399-5873, Clinical molecular geneticist
Austin Carter,567.388.9864x5431, Conference centre manager
Dustin Blanchard,001-633-696-8557x86931, Medical illustrator
Katrina Johnson,+1-361-550-4233x93571, Investment analyst
Brandon Chavez,640.838.6306x1490, Doctor, general practice
Julie White,+1-412-371-9098x94582, Tax inspector
Devon Perez,+1-187-277-0703, Quantity surveyor
Robert Campos,001-667-117-2794x38487, Office manager
Walter Moran,(904)489-2451x4303, Adult nurse
Johnathan Mcdonald,(151)595-9002, Race relations officer
Leah Bowen,(406)941-3958x7930, Armed forces technical officer
Briana Nelson,048-354-5768, Lighting technician, broadcasting/film/video
Joe Cox,094-969-3787x2657, Administrator, sports
Andrew Bowen,+1-859-770-1831x42427, Lecturer, further education
Michael Acevedo,802-287-2951x48286, Production assistant, television
Curtis Cowan,+1-801-228-1852x28118, Water engineer
Elizabeth Carrillo,152-899-4735x27853, Journalist, magazine
Jacob Riley,+1-318-886-3937, Health and safety inspector
Colton Horton,+1-355-005-5879, Sales promotion account executive
Matthew Prince,(663)161-0278x88896, Special educational needs teacher
David Alexander,+1-462-665-1012, Engineer, mining
David Johnson,+1-348-832-2973x112, Armed forces operational officer
Amanda Little,+1-781-999-0031x3923, Customer service manager
Mrs. Lisa Wagner,+1-122-000-7369, Insurance broker
Crystal Gonzales,(822)068-8304x4754, Archaeologist
James Barnes,510-691-7921x311, Scientist, research (maths)
Anthony Parker,+1-142-066-0953x0588, Special educational needs teacher
Brittney Sanchez,(448)299-6264x558, Pilot, airline
Julie Rodriguez,(401)688-1287x4161, Librarian, academic
Robert Harrison,6404353817, Systems developer
Patrick Peterson,483-827-5459x27304, Visual merchandiser
Richard Davis,001-303-842-7874, Designer, textile
Bobby Freeman,001-876-617-8441, Occupational hygienist
Latoya Collier,8399804292, Surveyor, building control
Darren Cisneros,2246008812, Systems analyst
Kayla Sanders,2625809109, Manufacturing engineer
Victoria Joseph,+1-221-349-4323x5743, Surveyor, land/geomatics
John Ortiz,312-867-7616, Professor Emeritus
Rebecca Lewis,883-711-1891x2234, Camera operator
Kerry Thomas,589.165.5447x0993, Chief Technology Officer
James Gomez,+1-570-173-6220, Cabin crew
Devin Davis,+1-296-432-7829, Writer
Brianna Ross,(931)867-8715, Programmer, systems
Nicholas Gibson,+1-023-328-0105x97765, Designer, furniture
Beth Martin,+1-581-164-5868, Theatre manager
Richard Pope,137-319-9738x395, Geneticist, molecular
Mr. Charles Nguyen,6496441025, Furniture designer
Craig Hernandez,+1-094-663-8095, Designer, exhibition/display
Victoria Smith,123.738.5103, Environmental consultant
Jill Harris,001-798-104-5340x0889, Runner, broadcasting/film/video
Chad Powell,609.719.2773, Chartered public finance accountant
Christopher Hayes,001-703-451-5178x61908, Materials engineer
Mr. Marc Thomas,(749)707-7691, Ship broker
Kelly Martin,(292)678-3132, Environmental consultant
Brandon Cooke,001-282-621-2449x281, Museum/gallery curator
Christian Mcdonald,(190)591-3016, Fast food restaurant manager
Kathryn Griffin,001-563-492-5598x966, Insurance broker
Scott Jensen,(005)023-9270x7862, Associate Professor
Joseph Kennedy,001-118-605-2575x5783, Education officer, environmental
Kimberly Hogan,+1-717-609-5534, Heritage manager
Rebecca Lopez,+1-928-173-1149, Accountant, chartered
Kevin Johnson,001-488-176-4591x64373, Development worker, community
Chad Watson,368-283-9253, Hydrogeologist
Sharon Guerrero,(622)217-6896x74211, Personal assistant
Steven Daniel,439.081.1430x297, Archaeologist
Erin Martinez,435-915-2117, Fast food restaurant manager
Douglas Myers,(849)795-3313x83057, Biomedical scientist
Matthew Mejia,(749)248-0783, Research officer, government
Jennifer Wilkinson,001-028-047-6802x1721, Magazine features editor
Michael Mercer,+1-035-903-6382, Scientist, physiological
Michael Watkins,001-360-561-5998, Education officer, museum
Phillip Cox,061.689.8436, Television camera operator
Joy Thomas,140.386.6519x142, Local government officer
Diana Wilson,886.387.0110, Psychiatric nurse
Joshua Cohen,946.359.0097, Production engineer
Elizabeth Short,+1-899-864-3125x83642, Stage manager
Donald Austin,5029754328, Public house manager
Jenna Johnson,001-711-722-8641x407, Arboriculturist
Molly Vaughn,123-099-8107, Minerals surveyor
Sheila Copeland,(479)788-5217x50353, Museum/gallery exhibitions officer
Steven Wilson,001-211-807-2290x86679, Associate Professor
Lisa Hayes PhD,(978)318-5920x60893, Architect
Ethan Chandler MD,658.763.1874, Fisheries officer
Yvonne Reynolds,+1-984-784-6165x2096, Management consultant
Ashley Flynn,+1-693-395-0705x175, Planning and development surveyor
Terri Stein,880-413-4261x549, Teaching laboratory technician
Angela Harding,731.017.3174x212, Comptroller
Angela Cabrera,+1-817-186-3622x01985, Musician
Stephanie Ferguson,+1-980-810-2059x90543, Marine scientist
Adam Wise,001-991-028-7707, Radio producer
James Arnold,4901175034, Economist
Victoria Cowan,(585)368-9429x9735, Media buyer
Bill Chen,046-858-0322x3023, Pilot, airline
Kimberly Torres,601-360-6988, Optometrist
Jerry Le,001-184-829-6687, IT sales professional
Valerie Gibson,001-553-783-1431x217, Mental health nurse
Holly Adams,750-223-4021x3057, Geophysicist/field seismologist
Tiffany Torres,001-125-045-4356x66506, Make
Jennifer Schwartz,590-778-8015x37760, Advertising copywriter
Leonard Branch,001-473-775-3304x00589, Administrator, sports
Luke Cook,(284)660-5584x76862, Outdoor activities/education manager
Joshua Clay,001-273-977-9004x45102, Actuary
Walter Jackson,001-502-345-1743, Sound technician, broadcasting/film/video
Ashley Smith,+1-220-763-3950x183, Housing manager/officer
Erica Huerta,(875)787-2782x818, Government social research officer
Laura Mann,+1-435-077-5659x2390, Editor, commissioning
Gene Johnson,001-055-973-9638x432, Forensic psychologist
Matthew Haynes,269-337-1890x2912, Retail banker
Kenneth Landry,(188)584-3975x9032, Commissioning editor
Kimberly Roberts,811-296-4245x17974, Insurance underwriter
Johnathan Dudley,001-661-916-5913, Cartographer
Melissa Gibson,747-201-7944x1115, Commercial horticulturist
Brian Reyes,001-095-933-6305x504, Public house manager
Jennifer Mcintosh,7367089913, Electronics engineer
Andrew Morrow,484-263-4886, Surveyor, minerals
Regina Lee,392.369.0476, Editor, magazine features
Kimberly Newman,001-448-894-3946x62779, Surveyor, mining
Sydney Rush,(086)584-6672x16817, Engineer, biomedical
Brian Jacobson,001-547-153-9926x549, Patent attorney
Susan Garcia,788.008.4392, Primary school teacher
Erin Cain,+1-733-304-9677x597, Animal technologist
Paul Reed,868-776-8901x917, Special effects artist
Sandra Monroe,(605)237-6554, Scientist, research (maths)
Lynn Mcmahon,001-868-598-9825x91994, Production manager
Matthew Allen,001-645-875-2935x0248, Lecturer, further education
Diane Willis,+1-925-849-7920x2282, Forest/woodland manager
Kim Phelps,(907)734-5637, Personnel officer
Cindy Chambers,(027)023-1282x4292, Control and instrumentation engineer
Vicki Chavez,4253998079, Radio broadcast assistant
Patrick Griffin,+1-768-747-6734, Radiation protection practitioner
Brian Guerra,(822)495-7668, Interior and spatial designer
Kelsey Morton,001-989-075-2125, Advertising account planner
Jennifer Kim MD,446-143-8402x90565, Doctor, hospital
Erik Caldwell,854-453-0042, Learning disability nurse
Mark Wheeler,2559813194, Control and instrumentation engineer
Kelly Robinson,001-167-590-5148x89786, Radiographer, therapeutic
Justin Patton DDS,498-801-2873, Paramedic
Daniel Harvey,542.463.2232x1357, Nutritional therapist
Jay Anderson,732.802.4313, Petroleum engineer
Cody Gibbs,(490)831-6630, Designer, multimedia
Brian Short,001-624-612-3436x125, Industrial/product designer
Jennifer Roach,0275375889, Prison officer
Jeremy Thomas,657-494-1759, Aid worker
Robin Walker,295-585-2106x620, Investment banker, operational
Jennifer Smith,528.469.0199x0016, Sports therapist
Karen Elliott,006-816-0726x57853, Hospital doctor
David Terrell,605.348.0915, Broadcast presenter
Kyle Santos,398-259-5727, Scientist, water quality
Charles Cox,000.256.8704x3440, Field seismologist
Chloe Meyer,001-202-284-0008, Petroleum engineer
Steve Cordova,029-572-8201x4206, Solicitor
Wanda Nunez,1094706208, Pharmacist, hospital
Eric Mccormick,(456)041-6488, Exercise physiologist
Timothy Hancock,901.459.5755, Pathologist
Laura Woods,001-285-116-7527x677, Catering manager
Jennifer Smith,379.279.9793, Press sub
Cindy Hunt MD,949-840-4198x75796, Retail banker
Sean Reeves,118-598-8595x967, Broadcast presenter
Hannah Stephens,+1-542-174-3077x072, Tax inspector
Elizabeth Valenzuela,437.868.2527x04843, Engineer, manufacturing
John Williams,+1-460-743-7128x22907, Newspaper journalist
Michelle Jones,316-528-0241x796, Advertising art director
Michael Wang,001-147-314-9316, Clinical psychologist
Paul Castillo,001-594-789-1792x215, Surgeon
David Smith,+1-968-435-8812x0244, Production designer, theatre/television/film
Maurice Hunter,001-677-578-8754, Claims inspector/assessor
Brian Vargas,+1-449-642-0751x58694, Librarian, academic
Melanie Brooks,+1-445-513-8086, Private music teacher
Nicole Murphy MD,+1-138-841-1660x480, Television production assistant
Thomas Solis,(996)204-6247x50283, Therapeutic radiographer
Crystal Savage,727.789.5068, Doctor, hospital
Donna Rose,+1-332-036-8426x302, Personal assistant
Michelle Brooks,5117211206, Insurance account manager
Sean Williams,(805)507-4330, Sales promotion account executive
Kayla Blankenship,241.857.3541x681, Legal executive
Kimberly Alvarez,531.096.9896x920, Artist
Roger Ford,001-064-390-0432x9627, Legal secretary
Nicole Hutchinson,358.656.8517x5421, Research scientist (maths)
Andrew Sellers,969.987.6100x10600, Personnel officer
Timothy Stuart,+1-463-184-7483x39840, Psychologist, prison and probation services
Joseph Reed,+1-882-302-2811, Legal secretary
Hannah Gonzales,9023487216, Estate agent
Cheryl Wheeler,827.584.3402x6291, Make
Mark Peterson,485-342-0191, Computer games developer
Randall Wilson,901.363.6520x9048, Garment/textile technologist
Beth Reilly,176.941.4682, Retail banker
Yolanda Garcia,(679)229-6239x4716, Illustrator
Dorothy Quinn,2678680348, Forensic psychologist
Brittany Cooke,001-238-967-0902, Advertising art director
Phillip Lucas,854-491-7839x75791, Merchandiser, retail
David Wilson,(149)064-4187x065, Energy manager
Chad Hatfield,001-532-890-4169x219, Animator
Victoria Lyons,001-343-023-7209x50079, Occupational psychologist
Martha Scott,001-252-016-3430, Consulting civil engineer
David Hubbard,+1-435-848-5316x3103, Chartered management accountant
Krista Hayes,769-335-9340, Press photographer
Jessica Nguyen,(022)597-9627x1323, Occupational psychologist
Mark Hicks,942.584.9128x91783, Chartered public finance accountant
Kristen Brown,(415)015-5505x0688, Hotel manager
Christine Sims,001-167-211-2542x450, Maintenance engineer
Alexis Steele,001-050-093-1015x4163, Learning mentor
Amanda Cain,4207821064, Teacher, special educational needs
Amber Ferguson,735.357.7271x193, Midwife
Jacqueline Anderson,001-359-466-1389, Chiropodist
Heather Stevens,1380130004, Sales professional, IT
Gabriella Smith,043-018-6046, Designer, television/film set
Whitney Warner,786-256-8426x380, Nurse, adult
Jessica Perez,001-794-234-7843x52209, Development worker, international aid
Madison Snyder,+1-113-150-1332x344, Journalist, newspaper
Michael Moore,001-906-898-1767x7230, Interior and spatial designer
Kevin Smith,4123510200, Trade mark attorney
Ryan Reynolds,003.059.3618x9747, Graphic designer
Jesse Carpenter,(568)144-4634x187, Fine artist
Tyler Dunn,(558)854-5182, Engineer, control and instrumentation
Brian Thornton,(787)428-0570x0805, Materials engineer
William Orr,331-104-5068x78526, Press sub
Clayton Griffith,001-437-060-7159, Animal technologist
John Black,798.218.7613x219, Librarian, public
Eric Martinez,882-405-3267x6377, Production manager
Christian Mcconnell,194-962-7640x2366, Occupational therapist
Robert Graves,249-340-7032, Scientist, audiological
Thomas Howell,117-043-1293, Analytical chemist
Jennifer Jacobs,376-379-2475x4712, Veterinary surgeon
Rebecca Fox,(911)773-4809x7486, Psychiatric nurse
Amber Roach,083.314.3904x8531, Land/geomatics surveyor
Russell Sims,959-017-6713x906, Scientist, research (medical)
Melanie Pena,285-235-3542, Optician, dispensing
Jeremy Henry,(767)775-4881, Designer, exhibition/display
Victoria Simon MD,8234678792, Trading standards officer
Christina Jones,587-792-9851x87782, Probation officer
Amber Davis,721-203-7902x51661, Herpetologist
Phyllis West,(123)092-5848, Manufacturing engineer
Aaron Stevens,+1-347-338-8592, Embryologist, clinical
Matthew Hall,133-251-1270x6845, Psychologist, sport and exercise
Chase Hamilton,(033)853-3753x50461, Hydrologist
Jennifer Dean,0497309933, Engineer, electrical
Rebecca Gonzalez,184.842.7973, Publishing copy
Matthew Chavez,001-740-597-1897x36220, Teaching laboratory technician
William Reed,445.789.2252x65896, Engineer, broadcasting (operations)
Daniel Adkins,001-557-287-3571x7573, Nurse, children's
David Anderson,(524)469-7622x334, Senior tax professional/tax inspector
Barbara King,056-772-1065x0764, Exhibition designer
Steven Romero,6501946881, Surveyor, quantity
Michelle Jones,+1-300-913-4943x070, Waste management officer
Jon Sharp,8174422918, Primary school teacher
Shane Lewis,588-779-9124x7719, Investment analyst
Victoria Norton,(881)955-8590x8188, Midwife
Renee Rhodes,113.434.7679, IT trainer
Michael Nelson,371.943.4005x242, Health promotion specialist
Michelle Peters,4871096777, Medical laboratory scientific officer
Timothy Gray,001-744-693-6141x49697, IT trainer
Christina Schmidt,8885014353, Engineer, structural
Rebecca Taylor,806-852-2348, Writer
Erik Fields,(502)355-5383, Armed forces logistics/support/administrative officer
Ashley Crawford,+1-540-085-7929x0942, Solicitor
Jennifer Hernandez,232-411-3926x9617, Applications developer
Matthew Mcdonald,001-558-201-4627, Dance movement psychotherapist
Nancy Franklin,+1-154-009-8816x970, Soil scientist
Matthew Myers,+1-434-388-3099x3851, Estate agent
Brian Cook,(189)087-1749x9948, Programmer, applications
Brent Cunningham,+1-238-188-4990x5599, Radiographer, therapeutic
Michael Cox,930.609.2835x94109, Contractor
Kimberly Williamson,363.678.3324, Environmental education officer
Joseph Palmer,001-967-410-4640, Lawyer
Carolyn Shaw,089-963-3522, Photographer
Whitney Beard,2692321288, Product designer
Gerald Perez,001-654-559-7651, Estate manager/land agent
Miss Michelle Olson,126-064-4746x5773, Engineer, mining
Robert Anderson,(186)505-7422x2472, Museum/gallery exhibitions officer
Kyle Blackburn,215-723-6408, Nutritional therapist
Zachary Anderson,745-974-4481x3993, Designer, interior/spatial
Shawn Spears,699-348-3969x4101, Publishing copy
Rachel Hayes,+1-746-376-5883, Biomedical engineer
Robert Arias,(591)057-0628, Insurance risk surveyor
William Alexander,1362658116, Scientist, marine
Chelsea Mayer,+1-115-585-0293x88061, Fitness centre manager
Amber Ramirez,368.331.9843x0813, Geophysicist/field seismologist
Dakota Smith,459-153-0908x0243, Sound technician, broadcasting/film/video
Craig Simpson,2433926870, Scientist, audiological
Luis Harris,516-888-9194, Retail merchandiser
Lisa Owen,349.482.4900, Designer, blown glass/stained glass
